,detail,liked,price,title,url
0,Facebookで人との繋がりを大切にしたいあなたへ♡,73,500,人気インスタグラマーが愛されるSNS活用術教えます,https://coconala.com/services/472183?pos=1&ref_kind=category&ref_sort=recommend&ref_no=1&ref_category=176&ref_page=1
1,「自分が撮りたいと思う写真」の撮り方、お話します！,34,500,こんな写真が撮りたかった！を伝えます,https://coconala.com/services/502337?pos=2&ref_kind=category&ref_sort=recommend&ref_no=2&ref_category=176&ref_page=1
2,SNSに素敵な写真を載せたい人、売れる商品写真を撮りたい人！,54,500,スマホで簡単！プロ並みの写真の撮り方お伝えします,https://coconala.com/services/243715?pos=3&ref_kind=category&ref_sort=recommend&ref_no=3&ref_category=176&ref_page=1
3,初めての交換レンズ選びのお手伝い。現役のプロが失敗しない交換レンズの購入アドバイスを致します。,29,"1,000",初めての交換レンズ選びのお手伝い。現役のプロが失敗しない交換レンズの購入アドバイスを致します。,https://coconala.com/services/10365?pos=4&ref_kind=category&ref_sort=recommend&ref_no=4&ref_category=176&ref_page=1
4,初心者のためのデジタルカメラ選びをアドバイスします。,20,500,初心者のためのデジタルカメラ選びをアドバイスします。,https://coconala.com/services/47416?pos=5&ref_kind=category&ref_sort=recommend&ref_no=5&ref_category=176&ref_page=1
5,気になるけど、カメラは何をどう選べばいいの？とお悩みの方！,22,500,フォトグラファーがカメラ・撮影のアドバイスをします,https://coconala.com/services/259001?pos=6&ref_kind=category&ref_sort=recommend&ref_no=6&ref_category=176&ref_page=1
6,写真歴１０年のプロです。丁寧対応致します。人生経験も豊富。,22,"3,000",人生，恋愛，写真／カメラ／悩みをアドバイス致します,https://coconala.com/services/194562?pos=7&ref_kind=category&ref_sort=recommend&ref_no=7&ref_category=176&ref_page=1
7,コンデジ、ミラーレス、一眼デジ、ベストな選択は条件次第です,23,"1,000",撮影旅行を前提としたデジカメ選びをサポートします,https://coconala.com/services/71843?pos=8&ref_kind=category&ref_sort=recommend&ref_no=8&ref_category=176&ref_page=1
8,カメラ女子、カメラ男子にオススメ！,19,500,カメラの知識伝授します,https://coconala.com/services/544828?pos=9&ref_kind=category&ref_sort=recommend&ref_no=9&ref_category=176&ref_page=1
9,女性インストラクターが初心者女子にもわかりやすく教えます！,66,"2,000",カメラ問わず写真の撮り方をアドバイスします,https://coconala.com/services/24092?pos=10&ref_kind=category&ref_sort=recommend&ref_no=10&ref_category=176&ref_page=1
10,初めての方、初心者の方へ。現役のプロが一眼レフやミラーレス一眼選びと購入アドバイスを致します。,56,"1,000",初めての方、初心者の方へ。現役のプロが一眼レフやミラーレス一眼選びと購入アドバイスを致します。,https://coconala.com/services/10217?pos=11&ref_kind=category&ref_sort=recommend&ref_no=11&ref_category=176&ref_page=1
11,ポートレート、コスプレ撮影のコツ！現役のプロがアドバイス致します！,31,"1,000",ポートレート、コスプレ撮影のコツ！現役のプロがアドバイス致します！,https://coconala.com/services/10367?pos=12&ref_kind=category&ref_sort=recommend&ref_no=12&ref_category=176&ref_page=1
12,赤ちゃん写真、もっと可愛く撮るために現役のプロがアドバイス致します。,33,"1,000",赤ちゃん写真、もっと可愛く撮るために現役のプロがアドバイス致します。,https://coconala.com/services/10397?pos=13&ref_kind=category&ref_sort=recommend&ref_no=13&ref_category=176&ref_page=1
13,デジタル全盛の今だからこそできる！フィルム一眼レフでの勉強を,24,"3,000",憧れの一眼レフの使いこなしの基礎をお教えします,https://coconala.com/services/320095?pos=14&ref_kind=category&ref_sort=recommend&ref_no=14&ref_category=176&ref_page=1
14,意外と簡単？アパマンの魅力を120%引き出すノウハウが満載,24,"2,000",アパ・マン！プロの物件撮影テクニック実例集売ります,https://coconala.com/services/296623?pos=15&ref_kind=category&ref_sort=recommend&ref_no=15&ref_category=176&ref_page=1
15,プロの私が、あなたに一番合ったデジカメとレンズをレクチャー！,18,500,インスタに素敵な写真を！デジカメの選び方教えます,https://coconala.com/services/300036?pos=16&ref_kind=category&ref_sort=recommend&ref_no=16&ref_category=176&ref_page=1
16,これからカメラを始めたい！もっと技術を上げたい！スマホでも！,21,"2,000",プロに負けないカメラ技術！伝授します,https://coconala.com/services/510900?pos=17&ref_kind=category&ref_sort=recommend&ref_no=17&ref_category=176&ref_page=1
17,撮影会に興味ある方にオススメです！,6,"1,000",モデル撮影会について教えます,https://coconala.com/services/570341?pos=18&ref_kind=category&ref_sort=recommend&ref_no=18&ref_category=176&ref_page=1
18,料理写真撮影のワンポイントアドバイスします,14,500,料理写真撮影のワンポイントアドバイスします,https://coconala.com/services/80970?pos=19&ref_kind=category&ref_sort=recommend&ref_no=19&ref_category=176&ref_page=1
19,これからカメラの腕を上げたいという方（主に女性）向け,41,"2,000",初心者の方へカメラの使い方を教えます,https://coconala.com/services/182291?pos=20&ref_kind=category&ref_sort=recommend&ref_no=20&ref_category=176&ref_page=1
20,一眼レフで星空を撮らないのはもったいない！【初心者向け】,10,500,SNS映えする星空の撮り方教えます,https://coconala.com/services/347942?pos=21&ref_kind=category&ref_sort=recommend&ref_no=21&ref_category=176&ref_page=1
21,カメラ選びや写真の相談に、女性カメラマンが詳しく答えます。,22,500,カメラ選びや写真の相談に、女性カメラマンが詳しく答えます。,https://coconala.com/services/131636?pos=22&ref_kind=category&ref_sort=recommend&ref_no=22&ref_category=176&ref_page=1
22,コスプレ・ポートレート撮影のレンズ選びを現役のプロがお手伝い致します☆,13,"1,000",コスプレ・ポートレート撮影のレンズ選びを現役のプロがお手伝い致します☆,https://coconala.com/services/127043?pos=23&ref_kind=category&ref_sort=recommend&ref_no=23&ref_category=176&ref_page=1
23,カメラ女子初心者のあなたへ！イメージ写真の『3つの撮影ポイント』知ってますか！,7,500,カメラ女子初心者のあなたへ！イメージ写真の『3つの撮影ポイント』知ってますか！,https://coconala.com/services/127579?pos=24&ref_kind=category&ref_sort=recommend&ref_no=24&ref_category=176&ref_page=1
24,「１週間集中」オンラインワークショップ！デジタルカメラと写真の基礎を分かりやすくレクチャー致します。,29,"5,000",「１週間集中」オンラインワークショップ！デジタルカメラと写真の基礎を分かりやすくレクチャー致します。,https://coconala.com/services/129340?pos=25&ref_kind=category&ref_sort=recommend&ref_no=25&ref_category=176&ref_page=1
25,これから始めてデジタル一眼レフカメラを使う方へ,14,"1,000",始めてデジタル一眼レフ始める方へお勧め致します,https://coconala.com/services/297271?pos=26&ref_kind=category&ref_sort=recommend&ref_no=26&ref_category=176&ref_page=1
26,お気軽カメラ相談（主に一眼レフ・ミラーレス）,33,500,お気軽カメラ相談（主に一眼レフ・ミラーレス）,https://coconala.com/services/5973?pos=27&ref_kind=category&ref_sort=recommend&ref_no=27&ref_category=176&ref_page=1
27,写真関係全般の相談に乗ります,10,500,写真関係全般の相談に乗ります,https://coconala.com/services/63574?pos=28&ref_kind=category&ref_sort=recommend&ref_no=28&ref_category=176&ref_page=1
28,コスプレ・ポートレートの撮影機材選び。現役のプロがお手伝い致します☆,14,"1,000",コスプレ・ポートレートの撮影機材選び。現役のプロがお手伝い致します☆,https://coconala.com/services/129144?pos=29&ref_kind=category&ref_sort=recommend&ref_no=29&ref_category=176&ref_page=1
29,ママのためのカメラお悩み相談★購入や撮影アドバイス致します。,11,500,ママのためのカメラお悩み相談★購入や撮影アドバイス致します。,https://coconala.com/services/141676?pos=30&ref_kind=category&ref_sort=recommend&ref_no=30&ref_category=176&ref_page=1
30,家族写真を素敵に撮りたいママへ,5,"1,000",写真のお悩み解決します,https://coconala.com/services/375783?pos=31&ref_kind=category&ref_sort=recommend&ref_no=31&ref_category=176&ref_page=1
31,平日夜、事前ヒアリングから、使い方レクチャーまで一気に！,7,"5,000",プロカメラマンがカメラの購入相談にのります,https://coconala.com/services/406275?pos=32&ref_kind=category&ref_sort=recommend&ref_no=32&ref_category=176&ref_page=1
32,Photoshop等であなたの写真をSNS映えさせます,13,500,SNS映えする写真加工をします,https://coconala.com/services/463534?pos=33&ref_kind=category&ref_sort=recommend&ref_no=33&ref_category=176&ref_page=1
33,カメラの購入を考えてる、持っているが使い方がわからない人へ！,11,500,カメラの選び方、使い方アドバイスします,https://coconala.com/services/481140?pos=34&ref_kind=category&ref_sort=recommend&ref_no=34&ref_category=176&ref_page=1
34,カメラの違いがわからないオートモードでしか撮った事がない方,9,500,デジカメ・一眼カメラの選び方使い方教えます,https://coconala.com/services/508430?pos=35&ref_kind=category&ref_sort=recommend&ref_no=35&ref_category=176&ref_page=1
35,流行りのインスタ映えのような写真が撮れる！！,11,500,ディズニーでの写真の撮り方教えます,https://coconala.com/services/520074?pos=36&ref_kind=category&ref_sort=recommend&ref_no=36&ref_category=176&ref_page=1
36,毎月当選DMがくるワクワクの生活をおすそ分け！,6,"1,000",Instagram懸賞当選の最大のコツ教えます,https://coconala.com/services/574119?pos=37&ref_kind=category&ref_sort=recommend&ref_no=37&ref_category=176&ref_page=1
37,デジカメやレンズを購入したいけど失敗したくない方へ,4,500,デジカメ・レンズの選び方をお手伝い致します,https://coconala.com/services/565622?pos=38&ref_kind=category&ref_sort=recommend&ref_no=38&ref_category=176&ref_page=1
38,実際に行って本当にインスタ映えした場所やカフェを教えます！,6,"1,000",関西のインスタ映えスポット教えます,https://coconala.com/services/577007?pos=39&ref_kind=category&ref_sort=recommend&ref_no=39&ref_category=176&ref_page=1
39,ビジネス、プライベートでの使用にあたってお悩みにの方に,14,500,撮影機材の選定アドバイス致します,https://coconala.com/services/8191?pos=40&ref_kind=category&ref_sort=recommend&ref_no=40&ref_category=176&ref_page=1
40,使い方がよくわからない方、オートで撮っている方向けです。,14,"1,000",カメラ初心者の方、マニュアルの使い方教えます。ます,https://coconala.com/services/243979?pos=41&ref_kind=category&ref_sort=recommend&ref_no=41&ref_category=176&ref_page=2
41,何も考えないで買うにはカメラは高いです。一度プロにご相談を,18,"5,000",カメラを買う予定の方〜後悔しない選び方教えます,https://coconala.com/services/262503?pos=42&ref_kind=category&ref_sort=recommend&ref_no=42&ref_category=176&ref_page=2
42,要相談！色んな写真おまかせ下さい！,10,"2,000",色んな写真撮ります,https://coconala.com/services/271971?pos=43&ref_kind=category&ref_sort=recommend&ref_no=43&ref_category=176&ref_page=2
43,カメラ買ってこれからやってみようって方にオススメ,5,"1,000",写真の撮り方教えます,https://coconala.com/services/272586?pos=44&ref_kind=category&ref_sort=recommend&ref_no=44&ref_category=176&ref_page=2
44,これからスマホ以外で写真撮影を始められる方へ,4,"1,000",カメラ初心者にアドバイスします,https://coconala.com/services/340578?pos=45&ref_kind=category&ref_sort=recommend&ref_no=45&ref_category=176&ref_page=2
45,フィルムカメラのお助け相談室！,5,500,フィルムカメラの選び方、操作方法教えます,https://coconala.com/services/338493?pos=46&ref_kind=category&ref_sort=recommend&ref_no=46&ref_category=176&ref_page=2
46,使い方に困ったら、面倒な本など読まずにお聞きください！,3,500,D5500シリーズの便利ガイドになります,https://coconala.com/services/443205?pos=47&ref_kind=category&ref_sort=recommend&ref_no=47&ref_category=176&ref_page=2
47,日常の全てをインスタ映えさせよう！,12,"1,000",初心者向けカメラ入門講座します,https://coconala.com/services/478265?pos=48&ref_kind=category&ref_sort=recommend&ref_no=48&ref_category=176&ref_page=2
48,後悔しない、損しないカメラ選び,10,"1,000",カメラ選びのサポートをします,https://coconala.com/services/479276?pos=49&ref_kind=category&ref_sort=recommend&ref_no=49&ref_category=176&ref_page=2
49,これからカメラをはじめてみたい方にオススメ！,5,500,あなたのカメラ購入のアドバイスいたします,https://coconala.com/services/561458?pos=50&ref_kind=category&ref_sort=recommend&ref_no=50&ref_category=176&ref_page=2
50,スマホ経験だけの方でも、グラビア並みのポートレートが撮れる！,1,"1,000",あなたでもアイドルグラビアが撮れます,https://coconala.com/services/589890?pos=51&ref_kind=category&ref_sort=recommend&ref_no=51&ref_category=176&ref_page=2
51,現役家電販売員が教える初心者のカメラ選び！,8,500,現役家電販売員が教える初心者のカメラ選び！,https://coconala.com/services/16873?pos=52&ref_kind=category&ref_sort=recommend&ref_no=52&ref_category=176&ref_page=2
52,プロの様に撮れちゃう？滝と星の撮り方教えちゃいます！,7,500,プロの様に撮れちゃう？滝と星の撮り方教えちゃいます！,https://coconala.com/services/160211?pos=53&ref_kind=category&ref_sort=recommend&ref_no=53&ref_category=176&ref_page=2
53,プロのレタッチや補正技術をご提供します。,8,"1,000",どんなお写真も編集します,https://coconala.com/services/160352?pos=54&ref_kind=category&ref_sort=recommend&ref_no=54&ref_category=176&ref_page=2
54,野球撮影に使うカメラ一緒に考えます！,9,500,野球撮影に使うカメラ一緒に考えます！,https://coconala.com/services/183950?pos=55&ref_kind=category&ref_sort=recommend&ref_no=55&ref_category=176&ref_page=2
55,初めてのカメラ（デジカメ、一眼レフ初心者アドバイス,13,500,初めてのカメラ（デジカメ、一眼レフ初心者アドバイス,https://coconala.com/services/77679?pos=56&ref_kind=category&ref_sort=recommend&ref_no=56&ref_category=176&ref_page=2
56,写真を楽しむ！アート写真を撮りたい方へ,3,500,この写真の撮り方教えます,https://coconala.com/services/256992?pos=57&ref_kind=category&ref_sort=recommend&ref_no=57&ref_category=176&ref_page=2
57,写真を楽しむ！アート写真を撮りたい方へ,7,500,この写真の撮り方教えます,https://coconala.com/services/257004?pos=58&ref_kind=category&ref_sort=recommend&ref_no=58&ref_category=176&ref_page=2
58,写真を楽しむ！アート写真を撮りたい方へ,5,500,この写真の撮り方教えますます,https://coconala.com/services/257009?pos=59&ref_kind=category&ref_sort=recommend&ref_no=59&ref_category=176&ref_page=2
59,フォロワーを増やしたい、素敵なinstaライフを送りたい方へ,9,500,instaで見栄えある写真編集・加工方法教えます,https://coconala.com/services/252463?pos=60&ref_kind=category&ref_sort=recommend&ref_no=60&ref_category=176&ref_page=2
60,初心者レベルの方へ。基礎からお教えします！,8,500,カメラの使い方、写真の撮り方教えます,https://coconala.com/services/287444?pos=61&ref_kind=category&ref_sort=recommend&ref_no=61&ref_category=176&ref_page=2
61,趣味で撮影してる方や初心者様にオススメ！,5,500,あなたに合ったカメラ、レンズ選び撮影のコツ教えます,https://coconala.com/services/336635?pos=62&ref_kind=category&ref_sort=recommend&ref_no=62&ref_category=176&ref_page=2
62,一眼レフで星空を撮りたい方、星が好きな方にオススメです。,9,500,一眼レフで星空を綺麗に撮るコツ教えます,https://coconala.com/services/392185?pos=63&ref_kind=category&ref_sort=recommend&ref_no=63&ref_category=176&ref_page=2
63,いいお写真をもっとインスタ映えしたい時に,3,500,写真加工！青空の写真にします,https://coconala.com/services/441332?pos=64&ref_kind=category&ref_sort=recommend&ref_no=64&ref_category=176&ref_page=2
64,写真に必要なのはセンスではなくテクニックです,5,500,魅力的な写真は誰でも撮れます,https://coconala.com/services/367208?pos=65&ref_kind=category&ref_sort=recommend&ref_no=65&ref_category=176&ref_page=2
65,きれいな景色をよりきれいに撮影したい方へ,9,500,夕日や星空の撮影方法教えます,https://coconala.com/services/480274?pos=66&ref_kind=category&ref_sort=recommend&ref_no=66&ref_category=176&ref_page=2
66,パパ・ママ・カメラを学ぼうとしている方,4,500,子供を可愛く撮れる・カメラの使い方教えます,https://coconala.com/services/476823?pos=67&ref_kind=category&ref_sort=recommend&ref_no=67&ref_category=176&ref_page=2
67,一眼レフ選びにお困りの方におすすめ！,9,500,あなたにぴったりの一眼レフカメラ選びます,https://coconala.com/services/514868?pos=68&ref_kind=category&ref_sort=recommend&ref_no=68&ref_category=176&ref_page=2
68,インスタ映えする写真を撮りたいあなたへ！,16,"4,000",この写真の撮り方とお勧めのカメラ教えます,https://coconala.com/services/529681?pos=69&ref_kind=category&ref_sort=recommend&ref_no=69&ref_category=176&ref_page=2
69,カメラを買ったけど撮り方がわからない方にオススメです！,7,"1,000",山登時のステキな写真の撮り方を教えます,https://coconala.com/services/559966?pos=70&ref_kind=category&ref_sort=recommend&ref_no=70&ref_category=176&ref_page=2
70,カメラを買ったけど使いこなせていない人へ,4,"3,000",カメラでマニュアル撮影が出来るようにサポートします,https://coconala.com/services/575278?pos=71&ref_kind=category&ref_sort=recommend&ref_no=71&ref_category=176&ref_page=2
71,hiroyukidena24専用です。継続案件の再購入ページ,3,500,hiroyukidena24様用ページでございます,https://coconala.com/services/584400?pos=72&ref_kind=category&ref_sort=recommend&ref_no=72&ref_category=176&ref_page=2
72,結婚式or二次会のカメラマンを頼まれた方へ、撮り方・何を撮ればよいのかプロカメラマンに質問できます。,6,500,結婚式or二次会のカメラマンを頼まれた方へ、撮り方・何を撮ればよいのかプロカメラマンに質問できます。,https://coconala.com/services/40935?pos=73&ref_kind=category&ref_sort=recommend&ref_no=73&ref_category=176&ref_page=2
73,初めて一眼レフカメラを購入される方へ、プロカメラマンがアドバイスします,7,500,初めて一眼レフカメラを購入される方へ、プロカメラマンがアドバイスします,https://coconala.com/services/40937?pos=74&ref_kind=category&ref_sort=recommend&ref_no=74&ref_category=176&ref_page=2
74,一度きりしか無い、舞台でのお子さんの一瞬を逃さないために,3,500,お子さんのコンサート写真のコツお教えします,https://coconala.com/services/583679?pos=75&ref_kind=category&ref_sort=recommend&ref_no=75&ref_category=176&ref_page=2
75,カメラの購入を考えてる方へおすすめです！,5,500,オススメのカメラ教えます,https://coconala.com/services/387045?pos=76&ref_kind=category&ref_sort=recommend&ref_no=76&ref_category=176&ref_page=2
76,購入考えているかた、いいねが増やしたい方幅広く対応します,12,500,カメラの使い方、選び方、インスタ映えの仕方教えます,https://coconala.com/services/494224?pos=77&ref_kind=category&ref_sort=recommend&ref_no=77&ref_category=176&ref_page=2
77,映像のプロが写真の上達方法を教えます！！,8,500,写真の添削します,https://coconala.com/services/516321?pos=78&ref_kind=category&ref_sort=recommend&ref_no=78&ref_category=176&ref_page=2
78,フルオートでしか使ったことのない方の絞り優先でステップアップ,16,500,デジカメフルオートから卒業（露出編）できます,https://coconala.com/services/533026?pos=79&ref_kind=category&ref_sort=recommend&ref_no=79&ref_category=176&ref_page=2
79,どんなゲームでも手伝いさせていただきます,5,500,携帯アプリのゲームを手伝います,https://coconala.com/services/245777?pos=80&ref_kind=category&ref_sort=recommend&ref_no=80&ref_category=176&ref_page=2
